File_Name,File_Size,Link
GMT20200724-062645_Pratishtha_1428x720.mp4,153 MB,https://ixznag.dm.files.1drv.com/y4mCtOWFnK6iXlpJWAcFPZ54SS4rwVm0mql6Dg-RWGQFQf3_1Fw8PpeJ8rRYxKlehl0mpknuX5JZRwMilOzOERckjGPBgIycPpalPwrii7mh2SeZFUmabsrJOjKuKeo4KCk6-oZoejek3nruF_2G0gsxGYxETd5Ar459CImNcpeglG6fEI0CX2PSaawmyZeyk-5ifX8ZSL_UTO6rVq4q9R4xw?
GMT20200117-121328_Achal-Shah_1686x768.mp4,153 MB,https://ixznag.dm.files.1drv.com/y4m4-RA7eXgEX8yPXycDDN8DeI0ZDw5mv2gthSpDf4_BMqoSU3u0GjFBN-kcly06DGa3WX_ejntH3HuF_bL3MUVsyuuXsCpdm5tck4hwWAw6j9pYbjaxuyB-Jvvr-ArOkymCoAnYLLyNF5FL3NfXU2PbV4fDN19pdQ6vByqF0xb2P7hPAgRqF_gMvcVmMNmEWfcR-3G4jZSzp0rb-iSCtYH7Q?
GMT20201212-122932_Shreya-Upa_1920x928.mp4,154 MB,https://ixznag.dm.files.1drv.com/y4mgJwXZXp6HIHfQH74_2U1gFvQVNLKvnfmkk3gFkmzu3chRecLWsfBGZid6XrNdmumCNjK-6S2CV7cYPoar0y-GZ6Xnry0i7Y34_qJmvkjFqSybk03DvcW3aNWswC5qr5_MK83ucoaZ8TGN3ftnf43OHPuUljVEiv00yBywt3YTboU3Ni-s24JKf6thTO8JZgP2Osj7OOyG3Z2cV0Irxvzpw?
GMT20200417-081911_Hitesh-Pas_1920x992.mp4,154 MB,https://ixznag.dm.files.1drv.com/y4mW9xPFdUAfDGi_QjXTzbuqaMB-h5DNvReWiw9ygbV_SMMX75MBHc0jb1mUk0xCu2L08f8mKxaEC9S5xd7uqoENHA8B2spoQ1oagS9wxX2S64maEU1cvuhFyNhkcsFJdRjJ1YqKH9AB2e9y7BOMAIJSK59rAp3TMnH--JmbG-fKCCsHeDUtX7Z8bKDIseMaNyrVi_EGwASbYgHHGig82Vtpw?
GMT20190916-105943_S-W-Dubai-_640x360.mp4,154 MB,https://ixznag.dm.files.1drv.com/y4mK0e4Mck2MXfQ7iF3djvpdF31lVwxTDMUv7uoH1GK8WzkrTwrxtcBHjeMH-XoDSjsOwnaCMiFKDCMVsFe0KCiDaE06ddsvuK7tPUSAl4APY415ELAF301sftxvzF-w26OURIrHVXRRuFsgsPTxk99PfrQaDikfSTOgzvnHaB2PZ3CyNIFzZdMN7YbweisIBUKngFwi1rLYLkRNNfq2ZCkNw?
GMT20200505-113111_Shreya-Upa_1920x1020.mp4,155 MB,https://ixznag.dm.files.1drv.com/y4mapzmbrukprLxqPxRxwpmj5pdmmRcZB9Yn3YTp_lFJjAaMJ8voO6g4g9dD7JY0-y1OslwoGBuMBHFV1AMrxEg9J_bRIiecuMntIjW_msf4NqF1YECMTJdav1RZ1tvO7VzEeUxVO2ePBCL6ObG3cp1qEPww457pxlmxuI24DOXoUxjFwkKz6mQppkWyFoNf4CLhxS8QlY9MjfjOaT4JumZnQ?
GMT20200131-095039_Megha-Coac_1686x720.mp4,155 MB,https://ixznag.dm.files.1drv.com/y4mi6O0if5Lvx-lxB10cadsXGfq-PAazarhjcZPqnVR4lSWc5csghfIga1LtmcrAA5SCsS3Sx2nHua8fVyWfzUcNk9e3aRDrIZVHN50YRWx9M5JOOHNJDLKXJrJIN5xn3nMqfAwIkMGeU3_nclOoSz_vkOQk-jTS32j-1pXIdnPHug1Z0Rcin4UqqGo4rykei0Q1vhaRh3jQ9lroTIESJYZ7w?
GMT20200721-055536_Hirendra_A_1686x728.mp4,156 MB,https://ixznag.dm.files.1drv.com/y4mIRpvJcS0--dheaPV4pfB5nu2qvgBbc3LDVOqeNhLmOozB72Db233-2m2FvuJm62tOh3IFt9zML1AY1FeZc2s35Q2vvZ9G61Tab8DrpncKYbBEqOvA2qMXED-nzSwsOycimg5bXdOB9MA9qPbmj7gtSUOcPZTEb0ZbcevFZUilyhQIxRSF4tyJJ7tfP_QEH_mN3tKGLcl9N9Pi_3dKrzjgQ?
GMT20200208-055748_Abhishek_D_640x360.mp4,156 MB,https://ixznag.dm.files.1drv.com/y4m0ZED7knOJGiDSC9FcsFTTyhub0xaQ5mDtrRYZDHoHoDIdJxYLwisbt1OYHpF2b79_Pg6f6HHNLh1sLF7Z4X6rjJBqv988e8HVUEWJQl6YhkHzaRV_w9-XH6Rv0tJ0cxPQyy-6YCdllpJZQH99u3rmcd-shYdoKjITy4AVKDaYDLSwjURQTeP4oxtAoIv1baCgXNhF5z9VwW3eA1smC4YZA?
GMT20200909-043710_Achal-Shah_1920x1024.mp4,156 MB,https://gisorw.dm.files.1drv.com/y4mvBfQYkrTCV_KPpf9A6vhT0R3b-XB92jHnlO9x2qjOeA2wNgAln_IZehUH4cIeIa6qjERfjyni_S5oWQJB3LjH4yDoWvdrVOcBpeqVukMUH-vdSJ7PrfcrYctZOgFIB8wMSzCJwb9RboU4dyJffNAme2nig4aKGgfpinJ3TKJbGOr397xaOzdj-j6AXeNDLZSua8fqc7YHRuEdfBUVRA6vA?
GMT20191114-052604_Ruchi_S-W-_640x360.mp4,157 MB,https://ixznag.dm.files.1drv.com/y4mGHFlLz0dIBtwuQfVoL3lWRf5A_CLwyCvkX0UBqTiMdDQdueidxY0c0jD_qpB9byUqY5Hk34Z7NUZnq5zgx2KivE1YuLIaTYa_m7bo9oOupLmSEDd0XxZK8pUQLAtHl0D7dy3my7sIHDD76Psa8LuGpK3GLPZMtaieA_r2KSz3fcCrOvK3bWzTay7T5EBiLfTr6brUmnytEVayZ2Mkccjsw?
GMT20191031-113859_Achal-Shah_1686x720.mp4,157 MB,https://ixznag.dm.files.1drv.com/y4mzELlOeDgV2FXHWaOvM0Rx4ByHp91iUmVAvnt6-m0AJ_tqfYflO-owwmtCidHfZEjtY75YYYvFBnMuSeqG-YVfcThzhZsFZoPpTj5izna6EsFsZLOWGBEnqauW2ir3Z-B8KihGx1_2wT5CrySzU01jo9SZpjOOERRzIrVCinOBKH4OJKhNw-sCpc-j1o9MMG-_xLwrrerkOQewptVA7BAFw?
GMT20180927-050315_Kavya---De_1920x1080.mp4,157 MB,https://ixznag.dm.files.1drv.com/y4m_ExSxCFsBEe5c7a_vAQA5OtKIokvk8noYifvonMfnFcoiBR_raE-PP-bcQrQE9JFImEuNPg4Q0FUkr5NbjwaQEj-qAICr6nTKp-DVLGupbjZICuKRyveW1GmBUYMWACvJAnBgtIhrN9lCkDHXwhssPvQbkaZGz6vUonla5wfM9qOdK4sXqwNziM2UqdgmDr1WnyCoTeA8eAIevcv-3nSkQ?
GMT20201222-094845_Achal-Shah_1600x720.mp4,157 MB,https://ixznag.dm.files.1drv.com/y4maBNUPTagU280C9YsoYOyr9iCaHUFq49Fdeh3evG7WcEivz3Jz4uwDertZmygcaYW-T--t0zhT5jsREvcxzNB-DLhb8qYBDGEKff1GI7AO7JpsZYMaIV_8BWnYP1oQQw8IVoHfJ17DVtvjBuOgSRDdZ8PDc7FAYiaG7LbMMmbi9c2x8g9GyOB5AvCoAvfgtklsNQ8GQotpp-0hC2CVglbjw?
GMT20201029-105909_Ravi-Kant-_1920x1024.mp4,157 MB,https://ixznag.dm.files.1drv.com/y4mWFGk16cdNo1gQNw1UzsN9E8Ff-ibOy2qFHoyL4ATVSHEFXlVyyCCN7W0Tf0zpakZer4bbv4qYjicvSdTWWn6xayOP6oFotlwUVVrWt2uPeCOvHjxOlQqaY8Cq9jbewFHrhP27W2Od1v1waIipu9yOJyW4W5xfQYgAlEeNEfvhvLLHrG-j9fwUqJ0toCH0wtM9seK1LPPx1RapBplPah-GA?
GMT20191217-102652_Rashmi_Del_1686x728.mp4,157 MB,https://ixznag.dm.files.1drv.com/y4mVG-zmrOrEV3ChR5uPjFFqOoijsGJNR5Yq1Cju4BWkw2og3HIQMTzhb7ogkOPhzzwW0gMMJvyaFeqhhDIaSy8TizKtCBtamikozTQ1YWKxd7aTVK8-Ne6T2kq1NOqUc2FlcmrVTJ60hK9UwDjLtkGYR6sLUsH0oklUrZzL4JyFmRrEbR7kez8AaqX4af3TxcdgXOO0Qz5k7s_gOoMsEayXw?
GMT20200203-053958_Achal-Shah_1686x768.mp4,157 MB,https://ixznag.dm.files.1drv.com/y4m9UsGTnQstVZmTko5ORywsf70kunr8vUG7FItLoCMUiE59m0YY2-jJ3mIYwupl7ZjJoIXdq0tQzABR5gxkoMtqZCZzUwo_dIxJSAB7aLuay9d_gYIxs8cH2UDNwptvvGicjawdNj74Hu9lJplu61bjQpuyKxJW45PjHloRT_qbQ2fq4JnCR5M_X9qMVTNbCA5ves1Ma8haZ919JAhATIykA?
GMT20210226-111627_Achal-Shah_1920x928.mp4,157 MB,https://ixznag.dm.files.1drv.com/y4mwi2tRzbbaxRzrZlF6Q6zR7ESg3_uvneT18ECDPZSZh4e7jO5RaZpyPI7aF5tKCvz1OitLTAhpi4tDJZIAO-OwrGroNUWlBTg8RzlfSkDTvTrNXczRQcUcORwXc0E9_epClplP7J-fD_D3E0LWrVnQytG4gNP_NV1NPRTd-DoysPmc3pK88zzELYfrbfD1Rq0NTR14fbAurnCdLAYT8beOg?
GMT20190822-101300_Maloth-Neh_1920x1020.mp4,157 MB,https://ixznag.dm.files.1drv.com/y4mjnTQ-RjMyZdtE1evLXy5pvsu_1Bwg1NUP4-wi0wxmAhr2tqQX-QmrVCJ8OoT4wvDGASHk_pw0bhdPZzUxWhEbYvu_w-2sQoj7KTb2kdjg_p8JQRBRoYM8KvzVnzPXkB27ehPcOBDjcbywnU0XL-cqQZpLeaOzvHgIIAgiX-cNsVwmrP4co0z4kTpEQxA8SNeC4-ji4zrNmFHztMdOFmGBA?
GMT20200814-092756_Achal-Shah_1920x1024.mp4,158 MB,https://ixznag.dm.files.1drv.com/y4mqt6xNwGTj6CXn9GrhAX4cKlcZin6rkSTOBvlX9hlcX0-u0bF1fCw8j0QIEpJxKsg8kr2_lvlrcvz140sdEJG47td0qI1OdPqgiTmy65C-9LGHF77SAScwFGolJ49p_h5pQMrIzB3EtRChHaO-3jA0LmFIvpPcY1sK1_5H0kPIrkYFB5wW_haP75p_XK2ZzCUyk6DgtS5m4zgd3CRN_G6pw?
GMT20180519-122148_Pratishtha_640x360.mp4,158 MB,https://ixznag.dm.files.1drv.com/y4mUTOdK66j1kmQO8i9V-2jaRAkzqLPrGUQnTawJOHc02zyG4WhANF_KBtPLqsjrz6hTExu3uHVWPWyt1bT3ohoh1NtA6iD-oAFWJNJNwaKbTOXNXhUbq41_zBFJqFaGJ5ly1TTZ8_Gtuyt7zkF0b44CS1Y78TJee84nbGTFHwaUIHfAXk6AHOoZa1RKpUIYklc7RM5ry8sYlPyfBpVFXT0ww?
GMT20190527-052358_Rashmi-Jha_640x360.mp4,158 MB,https://ixznag.dm.files.1drv.com/y4mDYB_dsm8g3MtZUs414b3bsDJ4kiSb9H4dvR8goVkIBkn4A64wEdGlICXb7rpZGusACQSBNup2crEHcyRtzBBerwIpUBwmswiRzeBfJh9NU0A2K4lXw3ZBINoNbbDVPxHOJEvIQHBUak7tMj9m_wm_CaJyPdBvJ-DM-LPMgJQchIS0HsLubMUnK34cTlJAMASAr9CDaqfIwltyYbbFFZw6A?
GMT20200210-053945_Sivakamasu_640x360.mp4,158 MB,https://ixznag.dm.files.1drv.com/y4mOphby5V-ORED3yZNAWZ5ghAxgbzy0p0H76GpsaPnbKJsom8D7qBrmbHioLzQje1pdvDGGa6PTauVfy-ZlyWYVpAmeSj2PAzBcN7x_AEgBTen9awbuSscVjivbPHsUOY-1dWc-UZG2AQny6yI5tinZ-FBqiPu9igvDtZiJYBJiDeScF1Iw4n-1d6KnS69w13rf0coTGmHcgLwjpZgTlOUdQ?
GMT20190926-062327_Atanu_S-W-_1686x768.mp4,158 MB,https://ixznag.dm.files.1drv.com/y4mEAFEat_JbqzZN-IchzBsjhN5CnTIGKBKeFO6sNr7AParuQRJ3V-dDaUR8ALd-CeScJr_RNnIpUgWE1aYddD2aOQC3N8e-_CenjvllVIbcbRmDd4gfHG6ZvOGJXfvU6nB5TsTk5jzpT6DNoKSvt2prWC-iQ7zfp6ZnNeTZaa1KcK8jbVggw00N7BO9z4LgaDvHrqjzbTUuDIDAY8sCupCPg?
GMT20191003-070602_Pratishtha_640x360.mp4,159 MB,https://ixznag.dm.files.1drv.com/y4mIdj9kZComNE-cDn2_96w4_kBslRmFky2qXE4c2BhjlSzjTgswYZyS-o1-jCifSLDT8A_jf-AOc3tiwGbDFHYbQbCvcq1KrOrSMgp1uE-gy7zVcjKl38wQpcEC3anRNg7Oq25dop6eXMGigEfH6Q1HrDUGXJ8aITXU3hJ-IBC7qgUhJGjKl0qmLtqahQ4WTwobMMfEYWmPQ8nVUi4pR1kBg?
GMT20200627-052130_Ritesh_AP-_1686x728.mp4,159 MB,https://ixznag.dm.files.1drv.com/y4mhkrXLo8UZlkmlYqaRyIDuX-_olkW0ht_8iiRjfib-IN-yIZtI8tPdaGiSXcS6_zjAq3sLPSXMmJm2YIvAy63KfO1IX1dBAeo-JmkMOeShBTiJMpEJfeXZEYEzBARwTh96It2EAt_SYuDS8YIqQS2MO60LPwkTaPqhZQcQqNCAgBIy0zcIYJOO2fkm9NOEyebHcpkSWRJj8sLUp6bSZM0nw?
GMT20201029-045420_Rashmi-Jha_1760x900.mp4,159 MB,https://ixznag.dm.files.1drv.com/y4mZ8ClvIzKjy7UQXyl8GCJveHzBPxjtEyx2MQUD9-KoaTHyeUjkzjEmVICGAsx6G39naF4GYPmjQ7SgYSN5ORwbFZO49ipyQFc6hIuF_f4gZTUNZv52LwN7S5QpTZ901R7H-OnbT2JXI75XFaCG7UwaOT4njdfA41CvHE9Ol2oZxwUzjknwItAhKSqeujdI9tELScDE-fxUH0--AP0Ub7lHQ?
GMT20200226-032532_Shreya-Upa_1686x728.mp4,159 MB,https://ixznag.dm.files.1drv.com/y4myiRuQkES5wwfYvXwxkUu1yAUPicHijyVIbCaKBowBnA_C12cLyQAkY5qb8c8KZDk9UKsglSjXlFR6_2LfZFrNYTjgZeyqoXJC8jUPjM1kVa8FzOjF2YaBvU-PK5gt14k4TkcOWcuO5yEE7raUsO5xHs1MYPTNQJVDiAsnzAvwYpXUc-om7ObrvXC0g0gl-AKRudiOZuXK5BSMiZ0pq_aJw?
GMT20200128-044431_Reshma_Del_1686x728.mp4,160 MB,https://ixznag.dm.files.1drv.com/y4mrPPuP3nHo2KyuNxKd08Ga7jk_U7G6nJJkPG9pbU6TIpUNAwx-qfi5Hj6PF1EGa60GYCX-LSFeHhcKOLGeu8xXKOnX_vm-1BY_4p0Ls5kYANIa43d_n_Fpd69kAYmMF4AG2r4-KJ9MsJ0Q9ktfUkcbuZifWEBBURDH6S0AP2t-dv3cFlbzqo-6GgJsQHG9QBbfTHjXtqHjvxMZ8RMPjwT5A?
GMT20180702-085749_Tanvi-Jite_640x360.mp4,160 MB,https://ixznag.dm.files.1drv.com/y4me7uFOWn99mbNUtOHpYmOMlXoRBLZjkivrvZ6nmXTl-APnkJfURAmSm4ujZNCvkS1ZkRAuqXGYOlpNa6WscYrOv44MSySS5YqZYbMH8ARVv3VASJBLi77HJPkqouSvGK4YzNss5S7N_YRxgJrnWbpQYI7hhjvqcDIqsIyQFI5QBkDDBEWazsJnHuzL_i5kasnElMiXbBY21mBHt2BclFENg?
GMT20201212-084536_Achal-Shah_1920x1024.mp4,160 MB,https://ixznag.dm.files.1drv.com/y4msWFyu8HphwTb56vQnkN_CNbCqexkicvKBPUBkch5KR5s4b8gm-j_h1MNA1JBCidAwR1C0yp83oFGa0SVIIZtOkjqnUsj_64lYdM2Gwxg9aW6r2vSRqxX-E9AlPgJzd9seBsSpGPeBbV_8h1hDc_Q6vMT2AbalS13VVEJycmh9mDSe1Mada3wYEGgyc6LjeLQijRPHbzK78T2tSWOcOoY5g?
GMT20200214-102959_Nitin_Delo_1686x728.mp4,160 MB,https://ixznag.dm.files.1drv.com/y4m_kXpE-Ir_OUwzh5BIe-cczp0kPll76Fe4u4nlj0Vo3ES1He2M7f9KpuUYhPjxO1RWwzlE2gcqkPNPPiLCkyloYyyI9szaAr-XjhFHF9bj8MiHLpwNO_BsTzFCJa9xphFqcJBNuuw7OnoQ9OhTqwUJRTtIlw2ALCPc4hwN3veZ717qf769z5sY3yjeaO30Iu-Wlum0l4W_-Xf1jYci7YhQA?
GMT20200421-114531_Shreya-Upa_1920x1080.mp4,160 MB,https://ixznag.dm.files.1drv.com/y4mDge-XCjIxT12cfS5R6cpgD6KEoND3w1igLmhRUtbkkpx058nY4qeyTxsGeGYIRWnBkRCrJHZIU-3HV3cgywKOqrkG9q_bmdPZttV-sxZrwJMkSW7D1f7RAZ0Bw29r5XY88fs5ufyitE6g-9cGjz5KQfWffzmZdsYfB5y1ZA3TKCDK23BU-ibCcWFQXIqFPxN68tql8GezNFRaCEGt0CGRA?
GMT20180802-071145_Mock-Inter_640x360.mp4,161 MB,https://ixznag.dm.files.1drv.com/y4m2h6ejjELgyrLqQp8iOSp1fKzIxAnonhiUg2HZN0YE62KvHScgcCTivo4-52N-GkQpEl_6kOpYbj1xI5oL1vR-oVl6UKqbyR0c7bG_zS-kl_h2fdYruHS0POHCqkYfod2XZm-MRI0JdqygSLz9WHF-ecQzqoih0myxKImPOgtgzDdDrKIVsEU-DrSjepkUUe2Sv9t342ROJ4DCFWO3Hbnhw?
GMT20191031-065930_Sachin-Coa_1686x768.mp4,161 MB,https://ixznag.dm.files.1drv.com/y4mcjKQyAXrbq6-Z0Dvq2ELHPB9lW9CrgkjUDalZPWKjq0neHLxlwn_bByfu7B_0og-7gb73Mcgddu-0hT8o5tNKAIpw991JwXsPblWBU5U3GgJ_hC45r_oVDVO0pDtOOLNGROJAiwBPBN0rWIIGDoWrVkrKm-S_DyzxEJtW7mtzk6FcGRG5QLzEPnqzALRniqtSDN3ITVxKhzL-sG3dTu_uw?
GMT20190701-035509_Achal-Shah_1686x768.mp4,161 MB,https://ixznag.dm.files.1drv.com/y4miY0tmGNu7X4aao2Uj55-Fa155fCQx6atPA8C4xPzj3tC_Etk1ImK8h0yG9eBymCSQNWZPqcJivLcClvHNbBl11XwQ4yQMRNFZ3wt9N-r_SHdbZCyWXDbv4kTrDLwPq6GjU2VBQzKobvhYyotj27u91roX7NilNd6urlqZRS7-tN5e3fWXYNaC74JifkxWDcZUToy04fcrBW3oI6K5G0bWw?
GMT20190328-044431_Achin-Raiz_1760x900.mp4,162 MB,https://ixznag.dm.files.1drv.com/y4mcqCbVMFyCszumq9BlsmCyi1HlKbbVl2c2Vri4xgaAEjDw55-15Fu3VLHTv3tnv344oSu58Qkfyxmhoznm3dpyMxFklMTVvB9SlZwy6X_y-yBIAwGNTJyyeaQwIwi7wyGDOIkcucF_Lg7DI-rvQB7BIXBATHPJaUV2a1ovdQNK62QcSmVX_LrB2u46vDJHo2FK-JHNNfoSE9cjGWZOzfBfA?
GMT20210306-060551_Achal-Shah_1920x1024.mp4,162 MB,https://ixznag.dm.files.1drv.com/y4mLEGC00LcMtr1QmzgKPvCtIuqXbsT6zVnjwBYxfDbz_1v7ZK2wRg0HlbBW9ncozK5fUx8OF3PBiNdWp2T6xYxAcj68eBaIGHHbzmnZi9mzmZUo6_3wENNvLieZkBYkHar2f5dZn1en5fMHzK3T-sylerKnK1Como305Av6nbBiZoh46ZcCeHCJ2p2YPakVBiMLGKXReEQQmcUkmWtml98mQ?
GMT20191123-035724_Deepak-Bon_1686x728.mp4,162 MB,https://ixznag.dm.files.1drv.com/y4mxO-H7_XKDuLtrbh04vwPMMSVnM0ybcVGLsdndMVNT8Kp_Palcp8dBs7KT5CH_rtYffhhtC2RM82NGN9jXzDXVZ6UJADW_jROSHxMBS08w76BZNBs3l53J53lAVNShf8Avnqnn1qyQ0j-4NSPlIKLgyTOLSapOu0glWUqrrOtuttZ_tLHRWgGFSkIVjdazCjQ-zeWs5hcD9CnXs7zh_7yRw?
GMT20200622-123108_Achal-Shah_1920x1024.mp4,162 MB,https://ixznag.dm.files.1drv.com/y4mtJ4qkwcedpg1CvbPpYa4SlWvDJuz70jHZ_Zh_SHtkVBvyFXxJwf5uE64_7dtoef2HuOAzef9ibD3q0RsNaw002a7o6wdQ3sd5QQMORd2j4QLnrt77tPTnoEAIOFIkUsXdoklN5kwunK9Kcy7hxYRcGdSsVQppgiM5OciL5ngWqQpm-oPqQbTWwKAW-f0p8n6slEZ7NXuv1jcefblA_eKPg?
GMT20191005-063333_Achal-Shah_1686x768.mp4,162 MB,https://ixznag.dm.files.1drv.com/y4mZx_NwKL3GwfaQO0TWNihLS5AJgIvO0RnuIHbRvtA5B_RzF00MIjpdmfnz6PZOjhlvU5o3LKU3mzvMkZl_cfGh-374PI8xn05q8JWe1aVvns8zgOUcw0KZzk3PaOGBfrf3juskeI0nVhOvgH3QUy9KBEVF1Fm2Ddvbi_NasJxrUPO6i_D5Rm4oiYnKKvXBPJCagQoclWDR-_BywgXAwjf6g?
GMT20191007-110958_Akash_Delo_640x360.mp4,163 MB,https://ixznag.dm.files.1drv.com/y4mEJ0PgYr16bTm_oVzgkAltnyn8Ij4dyaAzPoGhY2-xSXuBR8id5lql4XTkz2affD3xqOJOzoI-65xUSOuih7zOrCyNH-dyFvJyGZnUdUr5GgzGaQ_GXsdYs2X-XfgOhfLCEPXtKGJoXH1zzGjOja-naVwg2YKosmqC6NK-JT6RyoS73mAYa3FGP_EQ1BFxl8mdzoPvQyuzsneVMvU4HY0Ag?
GMT20191021-115522_Mahesh-P_P_1686x768.mp4,163 MB,https://ixznag.dm.files.1drv.com/y4mJ_voSJP8YnKzr87evysjFacgof_-jzsg3JrmraPHesel9lgQ0ozcUC76cyqLbqQL8kORe__OZ8vxloCUwVXwkzyJrG5Mj8LAkEhwCuZQs4VV4JZohMWBNHAYzPJk1cIuVYwUWqvRyeHXT0l22LVHZhxc1LnJX4tluHMBkLI5qw4R5lG1MHoFj0vetkoox1I5nqnOLZ1u98NUu5olwwT2fw?
GMT20200220-112621_Mahesh_Del_1686x768.mp4,163 MB,https://ixznag.dm.files.1drv.com/y4moN85Cjer5GofnEyhG2JnukPtrs_l8bsi2DbA4FvHs_hv-Uy5A-zLRGVoHPjecX61k03V9rBEtFPrTnFvQfWW4oQ4vMZ3hAyQWjMC2mbG2gnnJ73SzMGfd_WhCp7puYETZ-LDrb7McYfEhhUvNTwsXfFYh-T__uFq-Bgu2dYf5ZLb0_7xAyv2DXk9_kBE9Db52c-PeGObLOMu8VkouwR0rQ?
GMT20200116-102908_Achal-Shah_1686x768.mp4,163 MB,https://ixznag.dm.files.1drv.com/y4m-oJ-VBp5mt_Z2y1O-n2lUEP7HrvF4GX5CoZo9LLDdd1XKJF3_-4kKGtQdS_IBwb3TXdRx-lBI0Lo1uu2k3HVPCEKwndKHW9lp5KeamtR-Z0niogln2Na92H4lZldw_G98rV2UvqSKJLWAu_m1qLAMVZrjpKzXTRFgnxox0PY2531uWQ-U5RWqOxlysvHM1YipcK8HRB7GILELISdH2QGEg?
GMT20201203-050531_Achal-Shah_1600x720.mp4,163 MB,https://ixznag.dm.files.1drv.com/y4mwFZy1u7HFOhirf9zWsKc-OYOTHxmzFiZUbSorfK9jchFVooW0Dty-fwH8v7c-k2HbkDH0lT9Am1-xBqgo7h_m3-OPWC9dx0nayenmeJKvF8gUCOBTQd7jyJuWhO3G2LMNwIGwch2I9BqYDHlpDN87SB8zTWO9Y4EWPHa0oCXQdFVwhRrPAsPYgUCpE-0nekFyGvpe806MBHDQpar1IJlfw?
GMT20200117-063719_Rashmi_Del_1686x768.mp4,163 MB,https://ixznag.dm.files.1drv.com/y4mZkOuyyLL1-CLSOgKVqAeoql9DAm6p-pSkeFE_U3FZ4zKGSEftFIN6vWI1-Cj0N_EgYPx28eJB2O_HT_bqomR3pN56WXhXlWYoTmnklqUq-fQ1Sb-0FYhplgOQvWsvDVMpvbk6yXODUoD3ihBSrWYe_UjLPNVlPg-ed794yDAKHBZLe-QoMXjc8l8qLx6-ow7AohVYrFgsbf4nA6ORKClnQ?
GMT20191109-105225_Shreya-Upa_640x360.mp4,164 MB,https://ixznag.dm.files.1drv.com/y4m0-eiR9qHbw_w56IDqhYjeZshbQ6CBTaj8kUb3iQSrUAnRErbtvQcmM42lFfZ0-uzvOSmJiNcUZ1cIcMI_7jRxYhn5O-bYhrhy-G5eUuf6sgRAb6y7s067FUdLQSCgr1VnWpyQbtmxGUwJa5hfWuSRETwGWS0VEH-7fx9dQmsUbj8fKs4ER_T4Kp0BHYk8NmePXZobzDICH45YYmL9o87Ag?
GMT20200208-083930_Achal-Shah_1686x768.mp4,164 MB,https://ixznag.dm.files.1drv.com/y4m_MEljuPnVuPiud0V0YCybeRlW1Zbc55iNZ0BrFpLLyeWGm6bXopQPl1yKZdNLjaEFfqTHB_W6CcPIjBKYcRHmmz4jjfUFAPxYwGhd1I1SLpb68Y0xn32ZsnBzCnCbfFBhmvmFXKYt77iWt2SK0o_hXWcWS0ew0yRnrKEqPvUreo6d6K2nnLdIp_qPbIgQ9z4qDfL11lOihMUpqk20aYiuw?
GMT20200624-101709_Achal-Shah_1920x1024.mp4,165 MB,https://ixznag.dm.files.1drv.com/y4m5S9_Ihgl97bU01YJM5RJhlmfrixqJNfrK227mPmv0-xLosTvk2almq1d2W806_yAKelcp8fzCnW2K-Fu8g82hLja7TtPhpOwVnFg2Z0qkJstDSPyXPtqyU9hAI7fTXxsjf89LRdvolbfC3XOtqYTlaJsgFnpPytExzuBYD9K-jJhj7MW6kkeCsviyF9aSjChSlLiy-GmU137-Kox2az4wQ?